id,first_name,last_name,email,car_make
1,Charley,Blinkhorn,cblinkhorn0@nps.gov,Chrysler
2,Richart,Schult,rschult1@github.com,Mercury
3,Ronica,McKinney,rmckinney2@blog.com,Ford
4,Zilvia,Sanford,zsanford3@cnbc.com,Ford
5,Dante,Culverhouse,dculverhouse4@xinhuanet.com,Volkswagen
6,Derek,Folland,dfolland5@bluehost.com,Chevrolet
7,Johny,Braidon,jbraidon6@livejournal.com,Mitsubishi
8,Sheelah,Yetton,syetton7@oaic.gov.au,Scion
9,Byrom,Bewlie,bbewlie8@rediff.com,Geo
10,Myriam,Mendoza,mmendoza9@netlog.com,Mercedes-Benz
